Model,Accuracy,F1 Score
XGBoost,0.9745709828393135,0.9744919178349762
LightGBM,0.9769110764430577,0.9768872395938795
