Model,Accuracy,F1 Score
XGBoost,0.9479414093428346,0.9475249529275258
LightGBM,0.9473970704671417,0.9468711917079915
