Model,Accuracy,F1 Score
XGBoost,0.9049423569598634,0.9038848329579325
LightGBM,0.9011528608027327,0.9000567733066414
