Model,Accuracy,F1 Score,Precision,Recall
XGBoost,0.9142989295625743,0.9137036250551788,0.9160777413216219,0.9142989295625743
LightGBM,0.9091229461257213,0.9081058821874957,0.9105307579918464,0.9091229461257213
