Model,Accuracy,F1 Score
XGBoost,0.9136822166424386,0.913200562969717
LightGBM,0.9066560944451786,0.9058243064005616
