Model,Accuracy,F1 Score
XGBoost,0.9817408924716973,0.981740752236597
LightGBM,0.9633936830976609,0.9633925490620286
